step,sinuo
0,1.0001069958471354
1,1.00010456247333
2,1.0001060752766544
3,1.0001091128136699
4,1.0001123471839957
5,1.00011549330831
