step,sinuo
0,1.0001069958471354
1,1.0001133443857901
2,1.000112770185586
3,1.0001076222265628
4,1.0001055846654328
5,1.0001052460805833
